code,locale,title,has_image,has_desc,has_prices,issues
3,en,Tour – 3 – en,true,true,true,legacy_title_format|contains_no_image
3,fr,Tour – 3 – fr,true,true,true,legacy_title_format
3,de,Tour – 3 – de,true,true,true,legacy_title_format
3,es,Tour – 3 – es,true,true,true,legacy_title_format
3,it,Tour – 3 – it,true,true,true,legacy_title_format
11,en,Tour – 11 – en,true,true,true,legacy_title_format|contains_no_image
11,fr,Tour – 11 – fr,true,true,true,legacy_title_format
11,de,Tour – 11 – de,true,true,true,legacy_title_format
11,es,Tour – 11 – es,true,true,true,legacy_title_format
11,it,Tour – 11 – it,true,true,true,legacy_title_format
12,en,Tour – 12 – en,true,true,true,legacy_title_format|contains_no_image
12,fr,Tour – 12 – fr,true,true,true,legacy_title_format
12,de,Tour – 12 – de,true,true,true,legacy_title_format
12,es,Tour – 12 – es,true,true,true,legacy_title_format
12,it,Tour – 12 – it,true,true,true,legacy_title_format
13,en,Tour – 13 – en,true,true,true,legacy_title_format|contains_no_image
13,fr,Tour – 13 – fr,true,true,true,legacy_title_format
13,de,Tour – 13 – de,true,true,true,legacy_title_format
13,es,Tour – 13 – es,true,true,true,legacy_title_format
13,it,Tour – 13 – it,true,true,true,legacy_title_format
14,en,Tour – 14 – en,true,true,true,legacy_title_format|contains_no_image
14,fr,Tour – 14 – fr,true,true,true,legacy_title_format
14,de,Tour – 14 – de,true,true,true,legacy_title_format
14,es,Tour – 14 – es,true,true,true,legacy_title_format
14,it,Tour – 14 – it,true,true,true,legacy_title_format
16,en,Tour – 16 – en,true,true,true,legacy_title_format|contains_no_image
16,fr,Tour – 16 – fr,true,true,true,legacy_title_format
16,de,Tour – 16 – de,true,true,true,legacy_title_format
16,es,Tour – 16 – es,true,true,true,legacy_title_format
16,it,Tour – 16 – it,true,true,true,legacy_title_format
22,en,Tour – 22 – en,true,true,true,legacy_title_format|contains_no_image|contains_spanish_age_words
22,fr,Tour – 22 – fr,true,true,true,legacy_title_format|contains_spanish_age_words
22,de,Tour – 22 – de,true,true,true,legacy_title_format|contains_spanish_age_words
22,es,Tour – 22 – es,true,true,true,legacy_title_format
22,it,Tour – 22 – it,true,true,true,legacy_title_format|contains_spanish_age_words
23,en,Tour – 23 – en,true,true,true,legacy_title_format|contains_no_image
23,fr,Tour – 23 – fr,true,true,true,legacy_title_format
23,de,Tour – 23 – de,true,true,true,legacy_title_format
23,es,Tour – 23 – es,true,true,true,legacy_title_format
23,it,Tour – 23 – it,true,true,true,legacy_title_format
26,en,Tour – 26 – en,true,true,true,legacy_title_format|contains_no_image
26,fr,Tour – 26 – fr,true,true,true,legacy_title_format
26,de,Tour – 26 – de,true,true,true,legacy_title_format
26,es,Tour – 26 – es,true,true,true,legacy_title_format
26,it,Tour – 26 – it,true,true,true,legacy_title_format
27,en,Tour – 27 – en,true,true,true,legacy_title_format|contains_no_image
27,fr,Tour – 27 – fr,true,true,true,legacy_title_format
27,de,Tour – 27 – de,true,true,true,legacy_title_format
27,es,Tour – 27 – es,true,true,true,legacy_title_format
27,it,Tour – 27 – it,true,true,true,legacy_title_format
28,en,Tour – 28 – en,true,true,true,legacy_title_format|contains_no_image
28,fr,Tour – 28 – fr,true,true,true,legacy_title_format
28,de,Tour – 28 – de,true,true,true,legacy_title_format
28,es,Tour – 28 – es,true,true,true,legacy_title_format
28,it,Tour – 28 – it,true,true,true,legacy_title_format
31,en,Tour – 31 – en,true,true,true,legacy_title_format|contains_no_image
31,fr,Tour – 31 – fr,true,true,true,legacy_title_format
31,de,Tour – 31 – de,true,true,true,legacy_title_format
31,es,Tour – 31 – es,true,true,true,legacy_title_format
31,it,Tour – 31 – it,true,true,true,legacy_title_format
32,en,Tour – 32 – en,true,true,true,legacy_title_format|contains_no_image
32,fr,Tour – 32 – fr,true,true,true,legacy_title_format
32,de,Tour – 32 – de,true,true,true,legacy_title_format
32,es,Tour – 32 – es,true,true,true,legacy_title_format
32,it,Tour – 32 – it,true,true,true,legacy_title_format
33,en,Tour – 33 – en,true,true,true,legacy_title_format|contains_no_image
33,fr,Tour – 33 – fr,true,true,true,legacy_title_format
33,de,Tour – 33 – de,true,true,true,legacy_title_format
33,es,Tour – 33 – es,true,true,true,legacy_title_format
33,it,Tour – 33 – it,true,true,true,legacy_title_format
34,en,Tour – 34 – en,true,true,true,legacy_title_format|contains_no_image
34,fr,Tour – 34 – fr,true,true,true,legacy_title_format
34,de,Tour – 34 – de,true,true,true,legacy_title_format
34,es,Tour – 34 – es,true,true,true,legacy_title_format
34,it,Tour – 34 – it,true,true,true,legacy_title_format
35,en,Tour – 35 – en,true,true,true,legacy_title_format|contains_no_image
35,fr,Tour – 35 – fr,true,true,true,legacy_title_format
35,de,Tour – 35 – de,true,true,true,legacy_title_format
35,es,Tour – 35 – es,true,true,true,legacy_title_format
35,it,Tour – 35 – it,true,true,true,legacy_title_format
36,en,Tour – 36 – en,true,true,true,legacy_title_format|contains_no_image
36,fr,Tour – 36 – fr,true,true,true,legacy_title_format
36,de,Tour – 36 – de,true,true,true,legacy_title_format
36,es,Tour – 36 – es,true,true,true,legacy_title_format
36,it,Tour – 36 – it,true,true,true,legacy_title_format
41,en,Tour – 41 – en,true,true,true,legacy_title_format|contains_no_image
41,fr,Tour – 41 – fr,true,true,true,legacy_title_format
41,de,Tour – 41 – de,true,true,true,legacy_title_format
41,es,Tour – 41 – es,true,true,true,legacy_title_format
41,it,Tour – 41 – it,true,true,true,legacy_title_format
42,en,Tour – 42 – en,true,true,true,legacy_title_format|contains_no_image
42,fr,Tour – 42 – fr,true,true,true,legacy_title_format
42,de,Tour – 42 – de,true,true,true,legacy_title_format
42,es,Tour – 42 – es,true,true,true,legacy_title_format
42,it,Tour – 42 – it,true,true,true,legacy_title_format
43,en,Tour – 43 – en,true,true,true,legacy_title_format|contains_no_image
43,fr,Tour – 43 – fr,true,true,true,legacy_title_format
43,de,Tour – 43 – de,true,true,true,legacy_title_format
43,es,Tour – 43 – es,true,true,true,legacy_title_format
43,it,Tour – 43 – it,true,true,true,legacy_title_format
46,en,Tour – 46 – en,true,true,true,legacy_title_format|contains_no_image
46,fr,Tour – 46 – fr,true,true,true,legacy_title_format
46,de,Tour – 46 – de,true,true,true,legacy_title_format
46,es,Tour – 46 – es,true,true,true,legacy_title_format
46,it,Tour – 46 – it,true,true,true,legacy_title_format
50,en,Tour – 50 – en,true,true,true,legacy_title_format|contains_no_image
50,fr,Tour – 50 – fr,true,true,true,legacy_title_format
50,de,Tour – 50 – de,true,true,true,legacy_title_format
50,es,Tour – 50 – es,true,true,true,legacy_title_format
50,it,Tour – 50 – it,true,true,true,legacy_title_format
53,en,Tour – 53 – en,true,true,false,missing_prices_table|legacy_title_format|contains_no_image
53,fr,Tour – 53 – fr,true,true,false,missing_prices_table|legacy_title_format
53,de,Tour – 53 – de,true,true,false,missing_prices_table|legacy_title_format
53,es,Tour – 53 – es,true,true,false,missing_prices_table|legacy_title_format
53,it,Tour – 53 – it,true,true,false,missing_prices_table|legacy_title_format
54,en,Tour – 54 – en,true,true,true,legacy_title_format|contains_no_image
54,fr,Tour – 54 – fr,true,true,true,legacy_title_format
54,de,Tour – 54 – de,true,true,true,legacy_title_format
54,es,Tour – 54 – es,true,true,true,legacy_title_format
54,it,Tour – 54 – it,true,true,true,legacy_title_format
55,en,Tour – 55 – en,true,true,true,legacy_title_format|contains_no_image
55,fr,Tour – 55 – fr,true,true,true,legacy_title_format
55,de,Tour – 55 – de,true,true,true,legacy_title_format
55,es,Tour – 55 – es,true,true,true,legacy_title_format
55,it,Tour – 55 – it,true,true,true,legacy_title_format
58,en,Tour – 58 – en,true,true,true,legacy_title_format|contains_no_image
58,fr,Tour – 58 – fr,true,true,true,legacy_title_format
58,de,Tour – 58 – de,true,true,true,legacy_title_format
58,es,Tour – 58 – es,true,true,true,legacy_title_format
58,it,Tour – 58 – it,true,true,true,legacy_title_format
66,en,Tour – 66 – en,true,true,true,legacy_title_format|contains_no_image
66,fr,Tour – 66 – fr,true,true,true,legacy_title_format
66,de,Tour – 66 – de,true,true,true,legacy_title_format
66,es,Tour – 66 – es,true,true,true,legacy_title_format
66,it,Tour – 66 – it,true,true,true,legacy_title_format
67,en,Tour – 67 – en,true,true,true,legacy_title_format|contains_no_image
67,fr,Tour – 67 – fr,true,true,true,legacy_title_format
67,de,Tour – 67 – de,true,true,true,legacy_title_format
67,es,Tour – 67 – es,true,true,true,legacy_title_format
67,it,Tour – 67 – it,true,true,true,legacy_title_format
69,en,Tour – 69 – en,true,true,true,legacy_title_format|contains_no_image
69,fr,Tour – 69 – fr,true,true,true,legacy_title_format
69,de,Tour – 69 – de,true,true,true,legacy_title_format
69,es,Tour – 69 – es,true,true,true,legacy_title_format
69,it,Tour – 69 – it,true,true,true,legacy_title_format
70,en,Tour – 70 – en,true,true,true,legacy_title_format|contains_no_image
70,fr,Tour – 70 – fr,true,true,true,legacy_title_format
70,de,Tour – 70 – de,true,true,true,legacy_title_format
70,es,Tour – 70 – es,true,true,true,legacy_title_format
70,it,Tour – 70 – it,true,true,true,legacy_title_format
72,en,Tour – 72 – en,true,true,true,legacy_title_format|contains_no_image
72,fr,Tour – 72 – fr,true,true,true,legacy_title_format
72,de,Tour – 72 – de,true,true,true,legacy_title_format
72,es,Tour – 72 – es,true,true,true,legacy_title_format
72,it,Tour – 72 – it,true,true,true,legacy_title_format
74,en,Tour – 74 – en,true,true,true,legacy_title_format|contains_no_image
74,fr,Tour – 74 – fr,true,true,true,legacy_title_format
74,de,Tour – 74 – de,true,true,true,legacy_title_format
74,es,Tour – 74 – es,true,true,true,legacy_title_format
74,it,Tour – 74 – it,true,true,true,legacy_title_format
78,en,Tour – 78 – en,true,true,true,legacy_title_format|contains_no_image
78,fr,Tour – 78 – fr,true,true,true,legacy_title_format
78,de,Tour – 78 – de,true,true,true,legacy_title_format
78,es,Tour – 78 – es,true,true,true,legacy_title_format
78,it,Tour – 78 – it,true,true,true,legacy_title_format
90,en,Tour – 90 – en,true,true,true,legacy_title_format|contains_no_image
90,fr,Tour – 90 – fr,true,true,true,legacy_title_format
90,de,Tour – 90 – de,true,true,true,legacy_title_format
90,es,Tour – 90 – es,true,true,true,legacy_title_format
90,it,Tour – 90 – it,true,true,true,legacy_title_format
92,en,Tour – 92 – en,true,true,true,legacy_title_format|contains_no_image
92,fr,Tour – 92 – fr,true,true,true,legacy_title_format
92,de,Tour – 92 – de,true,true,true,legacy_title_format
92,es,Tour – 92 – es,true,true,true,legacy_title_format
92,it,Tour – 92 – it,true,true,true,legacy_title_format
97,en,Tour – 97 – en,true,true,true,legacy_title_format|contains_no_image
97,fr,Tour – 97 – fr,true,true,true,legacy_title_format
97,de,Tour – 97 – de,true,true,true,legacy_title_format
97,es,Tour – 97 – es,true,true,true,legacy_title_format
97,it,Tour – 97 – it,true,true,true,legacy_title_format
98,en,Tour – 98 – en,true,true,true,legacy_title_format|contains_no_image
98,fr,Tour – 98 – fr,true,true,true,legacy_title_format
98,de,Tour – 98 – de,true,true,true,legacy_title_format
98,es,Tour – 98 – es,true,true,true,legacy_title_format
98,it,Tour – 98 – it,true,true,true,legacy_title_format
101,en,Tour – 101 – en,true,true,true,legacy_title_format|contains_no_image
101,fr,Tour – 101 – fr,true,true,true,legacy_title_format
101,de,Tour – 101 – de,true,true,true,legacy_title_format
101,es,Tour – 101 – es,true,true,true,legacy_title_format
101,it,Tour – 101 – it,true,true,true,legacy_title_format
102,en,Tour – 102 – en,true,true,true,legacy_title_format|contains_no_image
102,fr,Tour – 102 – fr,true,true,true,legacy_title_format
102,de,Tour – 102 – de,true,true,true,legacy_title_format
102,es,Tour – 102 – es,true,true,true,legacy_title_format
102,it,Tour – 102 – it,true,true,true,legacy_title_format
103,en,Tour – 103 – en,true,true,true,legacy_title_format|contains_no_image
103,fr,Tour – 103 – fr,true,true,true,legacy_title_format
103,de,Tour – 103 – de,true,true,true,legacy_title_format
103,es,Tour – 103 – es,true,true,true,legacy_title_format
103,it,Tour – 103 – it,true,true,true,legacy_title_format
111,en,Tour – 111 – en,true,true,true,legacy_title_format|contains_no_image
111,fr,Tour – 111 – fr,true,true,true,legacy_title_format
111,de,Tour – 111 – de,true,true,true,legacy_title_format
111,es,Tour – 111 – es,true,true,true,legacy_title_format
111,it,Tour – 111 – it,true,true,true,legacy_title_format
113,en,Tour – 113 – en,true,true,true,legacy_title_format|contains_no_image
113,fr,Tour – 113 – fr,true,true,true,legacy_title_format
113,de,Tour – 113 – de,true,true,true,legacy_title_format
113,es,Tour – 113 – es,true,true,true,legacy_title_format
113,it,Tour – 113 – it,true,true,true,legacy_title_format
115,en,Tour – 115 – en,true,true,true,legacy_title_format|contains_no_image
115,fr,Tour – 115 – fr,true,true,true,legacy_title_format
115,de,Tour – 115 – de,true,true,true,legacy_title_format
115,es,Tour – 115 – es,true,true,true,legacy_title_format
115,it,Tour – 115 – it,true,true,true,legacy_title_format
116,en,Tour – 116 – en,true,true,true,legacy_title_format|contains_no_image
116,fr,Tour – 116 – fr,true,true,true,legacy_title_format
116,de,Tour – 116 – de,true,true,true,legacy_title_format
116,es,Tour – 116 – es,true,true,true,legacy_title_format
116,it,Tour – 116 – it,true,true,true,legacy_title_format
127,en,Tour – 127 – en,true,true,false,missing_prices_table|legacy_title_format|contains_no_image
127,fr,Tour – 127 – fr,true,true,false,missing_prices_table|legacy_title_format
127,de,Tour – 127 – de,true,true,false,missing_prices_table|legacy_title_format
127,es,Tour – 127 – es,true,true,false,missing_prices_table|legacy_title_format
127,it,Tour – 127 – it,true,true,false,missing_prices_table|legacy_title_format
131,en,Tour – 131 – en,true,true,true,legacy_title_format|contains_no_image
131,fr,Tour – 131 – fr,true,true,true,legacy_title_format
131,de,Tour – 131 – de,true,true,true,legacy_title_format
131,es,Tour – 131 – es,true,true,true,legacy_title_format
131,it,Tour – 131 – it,true,true,true,legacy_title_format
134,en,Tour – 134 – en,true,true,true,legacy_title_format|contains_no_image
134,fr,Tour – 134 – fr,true,true,true,legacy_title_format
134,de,Tour – 134 – de,true,true,true,legacy_title_format
134,es,Tour – 134 – es,true,true,true,legacy_title_format
134,it,Tour – 134 – it,true,true,true,legacy_title_format
137,en,Tour – 137 – en,true,true,true,legacy_title_format|contains_no_image
137,fr,Tour – 137 – fr,true,true,true,legacy_title_format
137,de,Tour – 137 – de,true,true,true,legacy_title_format
137,es,Tour – 137 – es,true,true,true,legacy_title_format
137,it,Tour – 137 – it,true,true,true,legacy_title_format
139,en,Tour – 139 – en,true,true,true,legacy_title_format|contains_no_image
139,fr,Tour – 139 – fr,true,true,true,legacy_title_format
139,de,Tour – 139 – de,true,true,true,legacy_title_format
139,es,Tour – 139 – es,true,true,true,legacy_title_format
139,it,Tour – 139 – it,true,true,true,legacy_title_format
140,en,Tour – 140 – en,true,true,true,legacy_title_format|contains_no_image
140,fr,Tour – 140 – fr,true,true,true,legacy_title_format
140,de,Tour – 140 – de,true,true,true,legacy_title_format
140,es,Tour – 140 – es,true,true,true,legacy_title_format
140,it,Tour – 140 – it,true,true,true,legacy_title_format
155,en,Tour – 155 – en,true,true,true,legacy_title_format|contains_no_image
155,fr,Tour – 155 – fr,true,true,true,legacy_title_format
155,de,Tour – 155 – de,true,true,true,legacy_title_format
155,es,Tour – 155 – es,true,true,true,legacy_title_format
155,it,Tour – 155 – it,true,true,true,legacy_title_format
165,en,Tour – 165 – en,true,true,false,missing_prices_table|legacy_title_format|contains_no_image
165,fr,Tour – 165 – fr,true,true,false,missing_prices_table|legacy_title_format
165,de,Tour – 165 – de,true,true,false,missing_prices_table|legacy_title_format
165,es,Tour – 165 – es,true,true,false,missing_prices_table|legacy_title_format
165,it,Tour – 165 – it,true,true,false,missing_prices_table|legacy_title_format
166,en,Tour – 166 – en,true,true,false,missing_prices_table|legacy_title_format|contains_no_image
166,fr,Tour – 166 – fr,true,true,false,missing_prices_table|legacy_title_format
166,de,Tour – 166 – de,true,true,false,missing_prices_table|legacy_title_format
166,es,Tour – 166 – es,true,true,false,missing_prices_table|legacy_title_format
166,it,Tour – 166 – it,true,true,false,missing_prices_table|legacy_title_format
167,en,Tour – 167 – en,true,true,true,legacy_title_format|contains_no_image
167,fr,Tour – 167 – fr,true,true,true,legacy_title_format
167,de,Tour – 167 – de,true,true,true,legacy_title_format
167,es,Tour – 167 – es,true,true,true,legacy_title_format
167,it,Tour – 167 – it,true,true,true,legacy_title_format
168,en,Tour – 168 – en,true,true,true,legacy_title_format|contains_no_image
168,fr,Tour – 168 – fr,true,true,true,legacy_title_format
168,de,Tour – 168 – de,true,true,true,legacy_title_format
168,es,Tour – 168 – es,true,true,true,legacy_title_format
168,it,Tour – 168 – it,true,true,true,legacy_title_format
169,en,Tour – 169 – en,true,true,true,legacy_title_format|contains_no_image
169,fr,Tour – 169 – fr,true,true,true,legacy_title_format
169,de,Tour – 169 – de,true,true,true,legacy_title_format
169,es,Tour – 169 – es,true,true,true,legacy_title_format
169,it,Tour – 169 – it,true,true,true,legacy_title_format
175,en,Tour – 175 – en,true,true,true,legacy_title_format|contains_no_image
175,fr,Tour – 175 – fr,true,true,true,legacy_title_format
175,de,Tour – 175 – de,true,true,true,legacy_title_format
175,es,Tour – 175 – es,true,true,true,legacy_title_format
175,it,Tour – 175 – it,true,true,true,legacy_title_format
180,en,Tour – 180 – en,true,true,true,legacy_title_format|contains_no_image
180,fr,Tour – 180 – fr,true,true,true,legacy_title_format
180,de,Tour – 180 – de,true,true,true,legacy_title_format
180,es,Tour – 180 – es,true,true,true,legacy_title_format
180,it,Tour – 180 – it,true,true,true,legacy_title_format
186,en,Tour – 186 – en,true,true,true,legacy_title_format|contains_no_image
186,fr,Tour – 186 – fr,true,true,true,legacy_title_format
186,de,Tour – 186 – de,true,true,true,legacy_title_format
186,es,Tour – 186 – es,true,true,true,legacy_title_format
186,it,Tour – 186 – it,true,true,true,legacy_title_format
189,en,Tour – 189 – en,true,true,false,missing_prices_table|legacy_title_format|contains_no_image
189,fr,Tour – 189 – fr,true,true,false,missing_prices_table|legacy_title_format
189,de,Tour – 189 – de,true,true,false,missing_prices_table|legacy_title_format
189,es,Tour – 189 – es,true,true,false,missing_prices_table|legacy_title_format
189,it,Tour – 189 – it,true,true,false,missing_prices_table|legacy_title_format
200,en,Tour – 200 – en,true,true,true,legacy_title_format|contains_no_image
200,fr,Tour – 200 – fr,true,true,true,legacy_title_format
200,de,Tour – 200 – de,true,true,true,legacy_title_format
200,es,Tour – 200 – es,true,true,true,legacy_title_format
200,it,Tour – 200 – it,true,true,true,legacy_title_format
208,en,Tour – 208 – en,true,true,true,legacy_title_format|contains_no_image
208,fr,Tour – 208 – fr,true,true,true,legacy_title_format
208,de,Tour – 208 – de,true,true,true,legacy_title_format
208,es,Tour – 208 – es,true,true,true,legacy_title_format
208,it,Tour – 208 – it,true,true,true,legacy_title_format
210,en,Tour – 210 – en,true,true,true,legacy_title_format|contains_no_image
210,fr,Tour – 210 – fr,true,true,true,legacy_title_format
210,de,Tour – 210 – de,true,true,true,legacy_title_format
210,es,Tour – 210 – es,true,true,true,legacy_title_format
210,it,Tour – 210 – it,true,true,true,legacy_title_format
213,en,Tour – 213 – en,true,true,true,legacy_title_format|contains_no_image
213,fr,Tour – 213 – fr,true,true,true,legacy_title_format
213,de,Tour – 213 – de,true,true,true,legacy_title_format
213,es,Tour – 213 – es,true,true,true,legacy_title_format
213,it,Tour – 213 – it,true,true,true,legacy_title_format
214,en,Tour – 214 – en,true,true,true,legacy_title_format|contains_no_image
214,fr,Tour – 214 – fr,true,true,true,legacy_title_format
214,de,Tour – 214 – de,true,true,true,legacy_title_format
214,es,Tour – 214 – es,true,true,true,legacy_title_format
214,it,Tour – 214 – it,true,true,true,legacy_title_format
215,en,Tour – 215 – en,true,true,true,legacy_title_format|contains_no_image
215,fr,Tour – 215 – fr,true,true,true,legacy_title_format
215,de,Tour – 215 – de,true,true,true,legacy_title_format
215,es,Tour – 215 – es,true,true,true,legacy_title_format
215,it,Tour – 215 – it,true,true,true,legacy_title_format
216,en,Tour – 216 – en,true,true,true,legacy_title_format|contains_no_image
216,fr,Tour – 216 – fr,true,true,true,legacy_title_format
216,de,Tour – 216 – de,true,true,true,legacy_title_format
216,es,Tour – 216 – es,true,true,true,legacy_title_format
216,it,Tour – 216 – it,true,true,true,legacy_title_format
230,en,Tour – 230 – en,true,true,true,legacy_title_format|contains_no_image
230,fr,Tour – 230 – fr,true,true,true,legacy_title_format
230,de,Tour – 230 – de,true,true,true,legacy_title_format
230,es,Tour – 230 – es,true,true,true,legacy_title_format
230,it,Tour – 230 – it,true,true,true,legacy_title_format
234,en,Tour – 234 – en,true,true,true,legacy_title_format|contains_no_image
234,fr,Tour – 234 – fr,true,true,true,legacy_title_format
234,de,Tour – 234 – de,true,true,true,legacy_title_format
234,es,Tour – 234 – es,true,true,true,legacy_title_format
234,it,Tour – 234 – it,true,true,true,legacy_title_format
240,en,Tour – 240 – en,true,true,true,legacy_title_format|contains_no_image
240,fr,Tour – 240 – fr,true,true,true,legacy_title_format
240,de,Tour – 240 – de,true,true,true,legacy_title_format
240,es,Tour – 240 – es,true,true,true,legacy_title_format
240,it,Tour – 240 – it,true,true,true,legacy_title_format
245,en,Tour – 245 – en,true,true,true,legacy_title_format|contains_no_image
245,fr,Tour – 245 – fr,true,true,true,legacy_title_format
245,de,Tour – 245 – de,true,true,true,legacy_title_format
245,es,Tour – 245 – es,true,true,true,legacy_title_format
245,it,Tour – 245 – it,true,true,true,legacy_title_format
264,en,Tour – 264 – en,true,true,true,legacy_title_format|contains_no_image
264,fr,Tour – 264 – fr,true,true,true,legacy_title_format
264,de,Tour – 264 – de,true,true,true,legacy_title_format
264,es,Tour – 264 – es,true,true,true,legacy_title_format
264,it,Tour – 264 – it,true,true,true,legacy_title_format
270,en,Tour – 270 – en,true,true,true,legacy_title_format|contains_no_image
270,fr,Tour – 270 – fr,true,true,true,legacy_title_format
270,de,Tour – 270 – de,true,true,true,legacy_title_format
270,es,Tour – 270 – es,true,true,true,legacy_title_format
270,it,Tour – 270 – it,true,true,true,legacy_title_format
273,en,Tour – 273 – en,true,true,true,legacy_title_format|contains_no_image
273,fr,Tour – 273 – fr,true,true,true,legacy_title_format
273,de,Tour – 273 – de,true,true,true,legacy_title_format
273,es,Tour – 273 – es,true,true,true,legacy_title_format
273,it,Tour – 273 – it,true,true,true,legacy_title_format
281,en,Tour – 281 – en,true,true,true,legacy_title_format|contains_no_image
281,fr,Tour – 281 – fr,true,true,true,legacy_title_format
281,de,Tour – 281 – de,true,true,true,legacy_title_format
281,es,Tour – 281 – es,true,true,true,legacy_title_format
281,it,Tour – 281 – it,true,true,true,legacy_title_format
283,en,Tour – 283 – en,true,true,true,legacy_title_format|contains_no_image
283,fr,Tour – 283 – fr,true,true,true,legacy_title_format
283,de,Tour – 283 – de,true,true,true,legacy_title_format
283,es,Tour – 283 – es,true,true,true,legacy_title_format
283,it,Tour – 283 – it,true,true,true,legacy_title_format
284,en,Tour – 284 – en,true,true,true,legacy_title_format|contains_no_image
284,fr,Tour – 284 – fr,true,true,true,legacy_title_format
284,de,Tour – 284 – de,true,true,true,legacy_title_format
284,es,Tour – 284 – es,true,true,true,legacy_title_format
284,it,Tour – 284 – it,true,true,true,legacy_title_format
301,en,Tour – 301 – en,true,true,true,legacy_title_format|contains_no_image
301,fr,Tour – 301 – fr,true,true,true,legacy_title_format
301,de,Tour – 301 – de,true,true,true,legacy_title_format
301,es,Tour – 301 – es,true,true,true,legacy_title_format
301,it,Tour – 301 – it,true,true,true,legacy_title_format
303,en,Tour – 303 – en,true,true,true,legacy_title_format|contains_no_image
303,fr,Tour – 303 – fr,true,true,true,legacy_title_format
303,de,Tour – 303 – de,true,true,true,legacy_title_format
303,es,Tour – 303 – es,true,true,true,legacy_title_format
303,it,Tour – 303 – it,true,true,true,legacy_title_format
306,en,Tour – 306 – en,true,true,false,missing_prices_table|legacy_title_format|contains_no_image
306,fr,Tour – 306 – fr,true,true,false,missing_prices_table|legacy_title_format
306,de,Tour – 306 – de,true,true,false,missing_prices_table|legacy_title_format
306,es,Tour – 306 – es,true,true,false,missing_prices_table|legacy_title_format
306,it,Tour – 306 – it,true,true,false,missing_prices_table|legacy_title_format
308,en,Tour – 308 – en,true,true,true,legacy_title_format|contains_no_image
308,fr,Tour – 308 – fr,true,true,true,legacy_title_format
308,de,Tour – 308 – de,true,true,true,legacy_title_format
308,es,Tour – 308 – es,true,true,true,legacy_title_format
308,it,Tour – 308 – it,true,true,true,legacy_title_format
310,en,Tour – 310 – en,true,true,true,legacy_title_format|contains_no_image
310,fr,Tour – 310 – fr,true,true,true,legacy_title_format
310,de,Tour – 310 – de,true,true,true,legacy_title_format
310,es,Tour – 310 – es,true,true,true,legacy_title_format
310,it,Tour – 310 – it,true,true,true,legacy_title_format
314,en,Tour – 314 – en,true,true,true,legacy_title_format|contains_no_image
314,fr,Tour – 314 – fr,true,true,true,legacy_title_format
314,de,Tour – 314 – de,true,true,true,legacy_title_format
314,es,Tour – 314 – es,true,true,true,legacy_title_format
314,it,Tour – 314 – it,true,true,true,legacy_title_format
319,en,Tour – 319 – en,true,true,true,legacy_title_format|contains_no_image
319,fr,Tour – 319 – fr,true,true,true,legacy_title_format
319,de,Tour – 319 – de,true,true,true,legacy_title_format
319,es,Tour – 319 – es,true,true,true,legacy_title_format
319,it,Tour – 319 – it,true,true,true,legacy_title_format
321,en,Tour – 321 – en,true,true,true,legacy_title_format|contains_no_image
321,fr,Tour – 321 – fr,true,true,true,legacy_title_format
321,de,Tour – 321 – de,true,true,true,legacy_title_format
321,es,Tour – 321 – es,true,true,true,legacy_title_format
321,it,Tour – 321 – it,true,true,true,legacy_title_format
322,en,Tour – 322 – en,true,true,true,legacy_title_format|contains_no_image
322,fr,Tour – 322 – fr,true,true,true,legacy_title_format
322,de,Tour – 322 – de,true,true,true,legacy_title_format
322,es,Tour – 322 – es,true,true,true,legacy_title_format
322,it,Tour – 322 – it,true,true,true,legacy_title_format
323,en,Tour – 323 – en,true,true,true,legacy_title_format|contains_no_image
323,fr,Tour – 323 – fr,true,true,true,legacy_title_format
323,de,Tour – 323 – de,true,true,true,legacy_title_format
323,es,Tour – 323 – es,true,true,true,legacy_title_format
323,it,Tour – 323 – it,true,true,true,legacy_title_format
326,en,Tour – 326 – en,true,true,true,legacy_title_format|contains_no_image
326,fr,Tour – 326 – fr,true,true,true,legacy_title_format
326,de,Tour – 326 – de,true,true,true,legacy_title_format
326,es,Tour – 326 – es,true,true,true,legacy_title_format
326,it,Tour – 326 – it,true,true,true,legacy_title_format
327,en,Tour – 327 – en,true,true,true,legacy_title_format|contains_no_image
327,fr,Tour – 327 – fr,true,true,true,legacy_title_format
327,de,Tour – 327 – de,true,true,true,legacy_title_format
327,es,Tour – 327 – es,true,true,true,legacy_title_format
327,it,Tour – 327 – it,true,true,true,legacy_title_format
328,en,Tour – 328 – en,true,true,true,legacy_title_format|contains_no_image
328,fr,Tour – 328 – fr,true,true,true,legacy_title_format
328,de,Tour – 328 – de,true,true,true,legacy_title_format
328,es,Tour – 328 – es,true,true,true,legacy_title_format
328,it,Tour – 328 – it,true,true,true,legacy_title_format
330,en,Tour – 330 – en,true,true,true,legacy_title_format|contains_no_image
330,fr,Tour – 330 – fr,true,true,true,legacy_title_format
330,de,Tour – 330 – de,true,true,true,legacy_title_format
330,es,Tour – 330 – es,true,true,true,legacy_title_format
330,it,Tour – 330 – it,true,true,true,legacy_title_format
340,en,Tour – 340 – en,true,true,true,legacy_title_format|contains_no_image
340,fr,Tour – 340 – fr,true,true,true,legacy_title_format
340,de,Tour – 340 – de,true,true,true,legacy_title_format
340,es,Tour – 340 – es,true,true,true,legacy_title_format
340,it,Tour – 340 – it,true,true,true,legacy_title_format
346,en,Tour – 346 – en,true,true,true,legacy_title_format|contains_no_image
346,fr,Tour – 346 – fr,true,true,true,legacy_title_format
346,de,Tour – 346 – de,true,true,true,legacy_title_format
346,es,Tour – 346 – es,true,true,true,legacy_title_format
346,it,Tour – 346 – it,true,true,true,legacy_title_format
347,en,Tour – 347 – en,true,true,true,legacy_title_format|contains_no_image
347,fr,Tour – 347 – fr,true,true,true,legacy_title_format
347,de,Tour – 347 – de,true,true,true,legacy_title_format
347,es,Tour – 347 – es,true,true,true,legacy_title_format
347,it,Tour – 347 – it,true,true,true,legacy_title_format
359,en,Tour – 359 – en,true,true,true,legacy_title_format|contains_no_image
359,fr,Tour – 359 – fr,true,true,true,legacy_title_format
359,de,Tour – 359 – de,true,true,true,legacy_title_format
359,es,Tour – 359 – es,true,true,true,legacy_title_format
359,it,Tour – 359 – it,true,true,true,legacy_title_format
362,en,Tour – 362 – en,true,true,true,legacy_title_format|contains_no_image
362,fr,Tour – 362 – fr,true,true,true,legacy_title_format
362,de,Tour – 362 – de,true,true,true,legacy_title_format
362,es,Tour – 362 – es,true,true,true,legacy_title_format
362,it,Tour – 362 – it,true,true,true,legacy_title_format
366,en,Tour – 366 – en,true,true,true,legacy_title_format|contains_no_image
366,fr,Tour – 366 – fr,true,true,true,legacy_title_format
366,de,Tour – 366 – de,true,true,true,legacy_title_format
366,es,Tour – 366 – es,true,true,true,legacy_title_format
366,it,Tour – 366 – it,true,true,true,legacy_title_format
374,en,Tour – 374 – en,true,true,true,legacy_title_format|contains_no_image
374,fr,Tour – 374 – fr,true,true,true,legacy_title_format
374,de,Tour – 374 – de,true,true,true,legacy_title_format
374,es,Tour – 374 – es,true,true,true,legacy_title_format
374,it,Tour – 374 – it,true,true,true,legacy_title_format
381,en,Tour – 381 – en,true,true,true,legacy_title_format|contains_no_image
381,fr,Tour – 381 – fr,true,true,true,legacy_title_format
381,de,Tour – 381 – de,true,true,true,legacy_title_format
381,es,Tour – 381 – es,true,true,true,legacy_title_format
381,it,Tour – 381 – it,true,true,true,legacy_title_format
382,en,Tour – 382 – en,true,true,true,legacy_title_format|contains_no_image
382,fr,Tour – 382 – fr,true,true,true,legacy_title_format
382,de,Tour – 382 – de,true,true,true,legacy_title_format
382,es,Tour – 382 – es,true,true,true,legacy_title_format
382,it,Tour – 382 – it,true,true,true,legacy_title_format
390,en,Tour – 390 – en,true,true,true,legacy_title_format|contains_no_image
390,fr,Tour – 390 – fr,true,true,true,legacy_title_format
390,de,Tour – 390 – de,true,true,true,legacy_title_format
390,es,Tour – 390 – es,true,true,true,legacy_title_format
390,it,Tour – 390 – it,true,true,true,legacy_title_format
402,en,Tour – 402 – en,true,true,true,legacy_title_format|contains_no_image
402,fr,Tour – 402 – fr,true,true,true,legacy_title_format
402,de,Tour – 402 – de,true,true,true,legacy_title_format
402,es,Tour – 402 – es,true,true,true,legacy_title_format
402,it,Tour – 402 – it,true,true,true,legacy_title_format
403,en,Tour – 403 – en,true,true,true,legacy_title_format|contains_no_image
403,fr,Tour – 403 – fr,true,true,true,legacy_title_format
403,de,Tour – 403 – de,true,true,true,legacy_title_format
403,es,Tour – 403 – es,true,true,true,legacy_title_format
403,it,Tour – 403 – it,true,true,true,legacy_title_format
416,en,Tour – 416 – en,true,true,true,legacy_title_format|contains_no_image
416,fr,Tour – 416 – fr,true,true,true,legacy_title_format
416,de,Tour – 416 – de,true,true,true,legacy_title_format
416,es,Tour – 416 – es,true,true,true,legacy_title_format
416,it,Tour – 416 – it,true,true,true,legacy_title_format
417,en,Tour – 417 – en,true,true,true,legacy_title_format|contains_no_image
417,fr,Tour – 417 – fr,true,true,true,legacy_title_format
417,de,Tour – 417 – de,true,true,true,legacy_title_format
417,es,Tour – 417 – es,true,true,true,legacy_title_format
417,it,Tour – 417 – it,true,true,true,legacy_title_format
427,en,Tour – 427 – en,true,true,true,legacy_title_format|contains_no_image
427,fr,Tour – 427 – fr,true,true,true,legacy_title_format
427,de,Tour – 427 – de,true,true,true,legacy_title_format
427,es,Tour – 427 – es,true,true,true,legacy_title_format
427,it,Tour – 427 – it,true,true,true,legacy_title_format
432,en,Tour – 432 – en,true,true,true,legacy_title_format|contains_no_image
432,fr,Tour – 432 – fr,true,true,true,legacy_title_format
432,de,Tour – 432 – de,true,true,true,legacy_title_format
432,es,Tour – 432 – es,true,true,true,legacy_title_format
432,it,Tour – 432 – it,true,true,true,legacy_title_format
435,en,Tour – 435 – en,true,true,true,legacy_title_format|contains_no_image
435,fr,Tour – 435 – fr,true,true,true,legacy_title_format
435,de,Tour – 435 – de,true,true,true,legacy_title_format
435,es,Tour – 435 – es,true,true,true,legacy_title_format
435,it,Tour – 435 – it,true,true,true,legacy_title_format
438,en,Tour – 438 – en,true,true,true,legacy_title_format|contains_no_image
438,fr,Tour – 438 – fr,true,true,true,legacy_title_format
438,de,Tour – 438 – de,true,true,true,legacy_title_format
438,es,Tour – 438 – es,true,true,true,legacy_title_format
438,it,Tour – 438 – it,true,true,true,legacy_title_format
439,en,Tour – 439 – en,true,true,true,legacy_title_format|contains_no_image
439,fr,Tour – 439 – fr,true,true,true,legacy_title_format
439,de,Tour – 439 – de,true,true,true,legacy_title_format
439,es,Tour – 439 – es,true,true,true,legacy_title_format
439,it,Tour – 439 – it,true,true,true,legacy_title_format
440,en,Tour – 440 – en,true,true,true,legacy_title_format|contains_no_image
440,fr,Tour – 440 – fr,true,true,true,legacy_title_format
440,de,Tour – 440 – de,true,true,true,legacy_title_format
440,es,Tour – 440 – es,true,true,true,legacy_title_format
440,it,Tour – 440 – it,true,true,true,legacy_title_format
452,en,Tour – 452 – en,true,true,true,legacy_title_format|contains_no_image
452,fr,Tour – 452 – fr,true,true,true,legacy_title_format
452,de,Tour – 452 – de,true,true,true,legacy_title_format
452,es,Tour – 452 – es,true,true,true,legacy_title_format
452,it,Tour – 452 – it,true,true,true,legacy_title_format
453,en,Tour – 453 – en,true,true,true,legacy_title_format|contains_no_image
453,fr,Tour – 453 – fr,true,true,true,legacy_title_format
453,de,Tour – 453 – de,true,true,true,legacy_title_format
453,es,Tour – 453 – es,true,true,true,legacy_title_format
453,it,Tour – 453 – it,true,true,true,legacy_title_format
456,en,Tour – 456 – en,true,true,true,legacy_title_format|contains_no_image
456,fr,Tour – 456 – fr,true,true,true,legacy_title_format
456,de,Tour – 456 – de,true,true,true,legacy_title_format
456,es,Tour – 456 – es,true,true,true,legacy_title_format
456,it,Tour – 456 – it,true,true,true,legacy_title_format
457,en,Tour – 457 – en,true,true,true,legacy_title_format|contains_no_image
457,fr,Tour – 457 – fr,true,true,true,legacy_title_format
457,de,Tour – 457 – de,true,true,true,legacy_title_format
457,es,Tour – 457 – es,true,true,true,legacy_title_format
457,it,Tour – 457 – it,true,true,true,legacy_title_format
459,en,Tour – 459 – en,true,true,true,legacy_title_format|contains_no_image
459,fr,Tour – 459 – fr,true,true,true,legacy_title_format
459,de,Tour – 459 – de,true,true,true,legacy_title_format
459,es,Tour – 459 – es,true,true,true,legacy_title_format
459,it,Tour – 459 – it,true,true,true,legacy_title_format
463,en,Tour – 463 – en,true,true,true,legacy_title_format|contains_no_image
463,fr,Tour – 463 – fr,true,true,true,legacy_title_format
463,de,Tour – 463 – de,true,true,true,legacy_title_format
463,es,Tour – 463 – es,true,true,true,legacy_title_format
463,it,Tour – 463 – it,true,true,true,legacy_title_format
464,en,Tour – 464 – en,true,true,true,legacy_title_format|contains_no_image
464,fr,Tour – 464 – fr,true,true,true,legacy_title_format
464,de,Tour – 464 – de,true,true,true,legacy_title_format
464,es,Tour – 464 – es,true,true,true,legacy_title_format
464,it,Tour – 464 – it,true,true,true,legacy_title_format
469,en,Tour – 469 – en,true,true,true,legacy_title_format|contains_no_image
469,fr,Tour – 469 – fr,true,true,true,legacy_title_format
469,de,Tour – 469 – de,true,true,true,legacy_title_format
469,es,Tour – 469 – es,true,true,true,legacy_title_format
469,it,Tour – 469 – it,true,true,true,legacy_title_format
472,en,Tour – 472 – en,true,true,true,legacy_title_format|contains_no_image
472,fr,Tour – 472 – fr,true,true,true,legacy_title_format
472,de,Tour – 472 – de,true,true,true,legacy_title_format
472,es,Tour – 472 – es,true,true,true,legacy_title_format
472,it,Tour – 472 – it,true,true,true,legacy_title_format
475,en,Tour – 475 – en,true,true,true,legacy_title_format|contains_no_image
475,fr,Tour – 475 – fr,true,true,true,legacy_title_format
475,de,Tour – 475 – de,true,true,true,legacy_title_format
475,es,Tour – 475 – es,true,true,true,legacy_title_format
475,it,Tour – 475 – it,true,true,true,legacy_title_format
476,en,Tour – 476 – en,true,true,true,legacy_title_format|contains_no_image
476,fr,Tour – 476 – fr,true,true,true,legacy_title_format
476,de,Tour – 476 – de,true,true,true,legacy_title_format
476,es,Tour – 476 – es,true,true,true,legacy_title_format
476,it,Tour – 476 – it,true,true,true,legacy_title_format
477,en,Tour – 477 – en,true,true,true,legacy_title_format|contains_no_image
477,fr,Tour – 477 – fr,true,true,true,legacy_title_format
477,de,Tour – 477 – de,true,true,true,legacy_title_format
477,es,Tour – 477 – es,true,true,true,legacy_title_format
477,it,Tour – 477 – it,true,true,true,legacy_title_format
478,en,Tour – 478 – en,true,true,true,legacy_title_format|contains_no_image
478,fr,Tour – 478 – fr,true,true,true,legacy_title_format
478,de,Tour – 478 – de,true,true,true,legacy_title_format
478,es,Tour – 478 – es,true,true,true,legacy_title_format
478,it,Tour – 478 – it,true,true,true,legacy_title_format
479,en,Tour – 479 – en,true,true,true,legacy_title_format|contains_no_image
479,fr,Tour – 479 – fr,true,true,true,legacy_title_format
479,de,Tour – 479 – de,true,true,true,legacy_title_format
479,es,Tour – 479 – es,true,true,true,legacy_title_format
479,it,Tour – 479 – it,true,true,true,legacy_title_format
480,en,Tour – 480 – en,true,true,true,legacy_title_format|contains_no_image
480,fr,Tour – 480 – fr,true,true,true,legacy_title_format
480,de,Tour – 480 – de,true,true,true,legacy_title_format
480,es,Tour – 480 – es,true,true,true,legacy_title_format
480,it,Tour – 480 – it,true,true,true,legacy_title_format
481,en,Tour – 481 – en,true,true,true,legacy_title_format|contains_no_image
481,fr,Tour – 481 – fr,true,true,true,legacy_title_format
481,de,Tour – 481 – de,true,true,true,legacy_title_format
481,es,Tour – 481 – es,true,true,true,legacy_title_format
481,it,Tour – 481 – it,true,true,true,legacy_title_format
492,en,Tour – 492 – en,true,true,true,legacy_title_format|contains_no_image
492,fr,Tour – 492 – fr,true,true,true,legacy_title_format
492,de,Tour – 492 – de,true,true,true,legacy_title_format
492,es,Tour – 492 – es,true,true,true,legacy_title_format
492,it,Tour – 492 – it,true,true,true,legacy_title_format
505,en,Tour – 505 – en,true,true,true,legacy_title_format|contains_no_image
505,fr,Tour – 505 – fr,true,true,true,legacy_title_format
505,de,Tour – 505 – de,true,true,true,legacy_title_format
505,es,Tour – 505 – es,true,true,true,legacy_title_format
505,it,Tour – 505 – it,true,true,true,legacy_title_format
506,en,Tour – 506 – en,true,true,true,legacy_title_format|contains_no_image
506,fr,Tour – 506 – fr,true,true,true,legacy_title_format
506,de,Tour – 506 – de,true,true,true,legacy_title_format
506,es,Tour – 506 – es,true,true,true,legacy_title_format
506,it,Tour – 506 – it,true,true,true,legacy_title_format
507,en,Tour – 507 – en,true,true,true,legacy_title_format|contains_no_image
507,fr,Tour – 507 – fr,true,true,true,legacy_title_format
507,de,Tour – 507 – de,true,true,true,legacy_title_format
507,es,Tour – 507 – es,true,true,true,legacy_title_format
507,it,Tour – 507 – it,true,true,true,legacy_title_format
508,en,Tour – 508 – en,true,true,true,legacy_title_format|contains_no_image
508,fr,Tour – 508 – fr,true,true,true,legacy_title_format
508,de,Tour – 508 – de,true,true,true,legacy_title_format
508,es,Tour – 508 – es,true,true,true,legacy_title_format
508,it,Tour – 508 – it,true,true,true,legacy_title_format
509,en,Tour – 509 – en,true,true,true,legacy_title_format|contains_no_image
509,fr,Tour – 509 – fr,true,true,true,legacy_title_format
509,de,Tour – 509 – de,true,true,true,legacy_title_format
509,es,Tour – 509 – es,true,true,true,legacy_title_format
509,it,Tour – 509 – it,true,true,true,legacy_title_format
510,en,Tour – 510 – en,true,true,true,legacy_title_format|contains_no_image
510,fr,Tour – 510 – fr,true,true,true,legacy_title_format
510,de,Tour – 510 – de,true,true,true,legacy_title_format
510,es,Tour – 510 – es,true,true,true,legacy_title_format
510,it,Tour – 510 – it,true,true,true,legacy_title_format
511,en,Tour – 511 – en,true,true,true,legacy_title_format|contains_no_image
511,fr,Tour – 511 – fr,true,true,true,legacy_title_format
511,de,Tour – 511 – de,true,true,true,legacy_title_format
511,es,Tour – 511 – es,true,true,true,legacy_title_format
511,it,Tour – 511 – it,true,true,true,legacy_title_format
512,en,Tour – 512 – en,true,true,true,legacy_title_format|contains_no_image
512,fr,Tour – 512 – fr,true,true,true,legacy_title_format
512,de,Tour – 512 – de,true,true,true,legacy_title_format
512,es,Tour – 512 – es,true,true,true,legacy_title_format
512,it,Tour – 512 – it,true,true,true,legacy_title_format
513,en,Tour – 513 – en,true,true,true,legacy_title_format|contains_no_image
513,fr,Tour – 513 – fr,true,true,true,legacy_title_format
513,de,Tour – 513 – de,true,true,true,legacy_title_format
513,es,Tour – 513 – es,true,true,true,legacy_title_format
513,it,Tour – 513 – it,true,true,true,legacy_title_format
514,en,Tour – 514 – en,true,true,true,legacy_title_format|contains_no_image
514,fr,Tour – 514 – fr,true,true,true,legacy_title_format
514,de,Tour – 514 – de,true,true,true,legacy_title_format
514,es,Tour – 514 – es,true,true,true,legacy_title_format
514,it,Tour – 514 – it,true,true,true,legacy_title_format
515,en,Tour – 515 – en,true,true,true,legacy_title_format|contains_no_image
515,fr,Tour – 515 – fr,true,true,true,legacy_title_format
515,de,Tour – 515 – de,true,true,true,legacy_title_format
515,es,Tour – 515 – es,true,true,true,legacy_title_format
515,it,Tour – 515 – it,true,true,true,legacy_title_format
516,en,Tour – 516 – en,true,true,true,legacy_title_format|contains_no_image
516,fr,Tour – 516 – fr,true,true,true,legacy_title_format
516,de,Tour – 516 – de,true,true,true,legacy_title_format
516,es,Tour – 516 – es,true,true,true,legacy_title_format
516,it,Tour – 516 – it,true,true,true,legacy_title_format
517,en,Tour – 517 – en,true,true,true,legacy_title_format|contains_no_image
517,fr,Tour – 517 – fr,true,true,true,legacy_title_format
517,de,Tour – 517 – de,true,true,true,legacy_title_format
517,es,Tour – 517 – es,true,true,true,legacy_title_format
517,it,Tour – 517 – it,true,true,true,legacy_title_format
520,en,Tour – 520 – en,true,true,true,legacy_title_format|contains_no_image
520,fr,Tour – 520 – fr,true,true,true,legacy_title_format
520,de,Tour – 520 – de,true,true,true,legacy_title_format
520,es,Tour – 520 – es,true,true,true,legacy_title_format
520,it,Tour – 520 – it,true,true,true,legacy_title_format
521,en,Tour – 521 – en,true,true,true,legacy_title_format|contains_no_image
521,fr,Tour – 521 – fr,true,true,true,legacy_title_format
521,de,Tour – 521 – de,true,true,true,legacy_title_format
521,es,Tour – 521 – es,true,true,true,legacy_title_format
521,it,Tour – 521 – it,true,true,true,legacy_title_format
522,en,Tour – 522 – en,true,true,true,legacy_title_format|contains_no_image
522,fr,Tour – 522 – fr,true,true,true,legacy_title_format
522,de,Tour – 522 – de,true,true,true,legacy_title_format
522,es,Tour – 522 – es,true,true,true,legacy_title_format
522,it,Tour – 522 – it,true,true,true,legacy_title_format
533,en,Tour – 533 – en,true,true,true,legacy_title_format|contains_no_image
533,fr,Tour – 533 – fr,true,true,true,legacy_title_format
533,de,Tour – 533 – de,true,true,true,legacy_title_format
533,es,Tour – 533 – es,true,true,true,legacy_title_format
533,it,Tour – 533 – it,true,true,true,legacy_title_format
549,en,Tour – 549 – en,true,true,true,legacy_title_format|contains_no_image
549,fr,Tour – 549 – fr,true,true,true,legacy_title_format
549,de,Tour – 549 – de,true,true,true,legacy_title_format
549,es,Tour – 549 – es,true,true,true,legacy_title_format
549,it,Tour – 549 – it,true,true,true,legacy_title_format
550,en,Tour – 550 – en,true,true,true,legacy_title_format|contains_no_image
550,fr,Tour – 550 – fr,true,true,true,legacy_title_format
550,de,Tour – 550 – de,true,true,true,legacy_title_format
550,es,Tour – 550 – es,true,true,true,legacy_title_format
550,it,Tour – 550 – it,true,true,true,legacy_title_format
552,en,Tour – 552 – en,true,true,true,legacy_title_format|contains_no_image
552,fr,Tour – 552 – fr,true,true,true,legacy_title_format
552,de,Tour – 552 – de,true,true,true,legacy_title_format
552,es,Tour – 552 – es,true,true,true,legacy_title_format
552,it,Tour – 552 – it,true,true,true,legacy_title_format
553,en,Tour – 553 – en,true,true,true,legacy_title_format|contains_no_image
553,fr,Tour – 553 – fr,true,true,true,legacy_title_format
553,de,Tour – 553 – de,true,true,true,legacy_title_format
553,es,Tour – 553 – es,true,true,true,legacy_title_format
553,it,Tour – 553 – it,true,true,true,legacy_title_format
